page_id,block_id,sentence_id,sentence_bbox,sentence_span,sentence_text,environmental_claim,environmental_claim-score,sst2,sst2-score
page_idx_0,f222c053-7f0e-325f-beae-2898e75ef169,f222c053-7f0e-325f-beae-2898e75ef169_sent_0,"[145.0, 313.0, 538.0, 356.0]","(0, 13)",Environmental,,,,
page_idx_0,c85c7b64-a85d-3429-8e2d-7071860e5791,c85c7b64-a85d-3429-8e2d-7071860e5791_sent_0,"[144.0, 452.0, 353.0, 476.0]","(0, 13)",Environmental,no,0.700147271156311,POSITIVE,0.9983342289924622
page_idx_0,e52fa848-025b-3538-af8e-48d17bdc18e9,e52fa848-025b-3538-af8e-48d17bdc18e9_sent_0,"[141.0, 516.0, 753.0, 592.0]","(0, 70)",Advancing Our Environmental Vision and Long-Term Environmental Targets,yes,0.6454997062683105,POSITIVE,0.9992257356643677
page_idx_0,664defb8-e461-3605-b7cc-d77cd08c5d15,664defb8-e461-3605-b7cc-d77cd08c5d15_sent_0,"[144.0, 625.0, 547.0, 650.0]","(0, 24)",Environmental Governance,no,0.8848525881767273,POSITIVE,0.9956328272819519
page_idx_0,4b351da4-9026-3e3b-ba68-89fd2be8f6da,4b351da4-9026-3e3b-ba68-89fd2be8f6da_sent_0,"[141.0, 691.0, 722.0, 724.0]","(0, 32)",Achieving a Decarbonized Society,,,,
page_idx_0,9e68980d-5749-36cc-bf08-7026785aa295,9e68980d-5749-36cc-bf08-7026785aa295_sent_0,"[177.0, 756.0, 664.0, 787.0]","(0, 32)",Achieving a Decarbonized Society,yes,0.703326404094696,POSITIVE,0.9988316893577576
page_idx_0,86d5bd98-98ff-35bf-b082-c6ca6d79f151,86d5bd98-98ff-35bf-b082-c6ca6d79f151_sent_0,"[137.0, 1032.0, 872.0, 1172.0]","(0, 82)",> Climate-related Financial Information Disclosure (Based on TCFD Recommendations),,,,
page_idx_0,04445718-b5b9-3c4f-a07e-b7d10d42cd3f,04445718-b5b9-3c4f-a07e-b7d10d42cd3f_sent_0,"[141.0, 1205.0, 723.0, 1236.0]","(0, 38)",Achieving a Resource-Efficient Society,yes,0.6712756156921387,POSITIVE,0.9997791647911072
page_idx_0,590797e2-593a-33d2-90ff-0413e2e58456,590797e2-593a-33d2-90ff-0413e2e58456_sent_0,"[144.0, 1332.0, 435.0, 1356.0]","(0, 18)",Environmental Data,no,0.8691236972808838,POSITIVE,0.9939285516738892
page_idx_0,18a5fd25-1f60-3095-bdf5-4fc28eeceeb1,18a5fd25-1f60-3095-bdf5-4fc28eeceeb1_sent_0,"[1113.0, 309.0, 1488.0, 347.0]","(0, 15)",Risk Management,,,,
page_idx_0,142cd33e-7534-3b6b-a583-56a754fe6460,142cd33e-7534-3b6b-a583-56a754fe6460_sent_0,"[1112.0, 475.0, 2011.0, 615.0]","(0, 163)","Hitachi identifies, evaluates, and manages climate change- related risks by business unit and Group company to deter- mine environmental impacts and other factors.",yes,0.9808431267738342,POSITIVE,0.6643931269645691
page_idx_0,142cd33e-7534-3b6b-a583-56a754fe6460,142cd33e-7534-3b6b-a583-56a754fe6460_sent_1,"[1110.0, 583.0, 2060.0, 886.0]","(164, 467)","The results are tabulated by the Sustainability Promotion Division of Hitachi, Ltd., and those risks and opportunities perceived as being particularly important for the Group as a whole are deliberated and decided by the Senior Executive Committee and, if neces- sary, by the Board of Directors as well.",no,0.9968112111091614,NEGATIVE,0.5020613074302673
page_idx_0,e79f61b0-6510-36bf-97eb-23e1dac38910,e79f61b0-6510-36bf-97eb-23e1dac38910_sent_0,"[2176.0, 309.0, 2569.0, 347.0]","(0, 18)",Metrics and Target,,,,
page_idx_0,8d99f55e-5440-3681-806c-b08668cab820,8d99f55e-5440-3681-806c-b08668cab820_sent_0,"[2173.0, 475.0, 3102.0, 615.0]","(0, 136)",Hitachi defines medium- to long-term metrics and targets in the Hitachi Environmental Innovation 2050 long-term environ- mental targets.,yes,0.8818745613098145,NEGATIVE,0.8517162799835205
page_idx_0,8d99f55e-5440-3681-806c-b08668cab820,8d99f55e-5440-3681-806c-b08668cab820_sent_1,"[2175.0, 583.0, 3046.0, 717.0]","(137, 263)",We also establish and manage short-term metrics and targets in detail every three years through the Environmental Action Plan.,no,0.5353729724884033,POSITIVE,0.8659726977348328
page_idx_0,dc6194e8-cb27-333e-80f3-030351031873,dc6194e8-cb27-333e-80f3-030351031873_sent_0,"[2173.0, 745.0, 3104.0, 886.0]","(0, 126)",Metrics for climate change mitigation and adaptation use total COz emissions and the reduction rate in COz emissions per unit.,no,0.9006858468055725,NEGATIVE,0.9893996119499207
page_idx_0,dc6194e8-cb27-333e-80f3-030351031873,dc6194e8-cb27-333e-80f3-030351031873_sent_1,"[2174.0, 853.0, 3114.0, 1048.0]","(127, 346)","Total CO2 emissions from the use of sold products in Scope 3, which account for most of our emissions given the nature of Hitachi’s business, fluctuate greatly due to changes in sales volumes and our business portfolio.",no,0.9977741837501526,NEGATIVE,0.9986289739608765
page_idx_0,dc6194e8-cb27-333e-80f3-030351031873,dc6194e8-cb27-333e-80f3-030351031873_sent_2,"[2174.0, 1016.0, 3111.0, 1157.0]","(347, 460)",This has the disadvantage of making it difficult to see the results of energy saving and efficiency improvements.,no,0.9946038126945496,NEGATIVE,0.9980883002281189
page_idx_0,dc6194e8-cb27-333e-80f3-030351031873,dc6194e8-cb27-333e-80f3-030351031873_sent_3,"[2174.0, 1125.0, 3092.0, 1319.0]","(461, 642)","Therefore, we have established COz emissions per unit as a metric for providing customers and society with products and services that offer equivalent value while emitting less COz.",yes,0.9799280166625977,POSITIVE,0.6130329966545105
page_idx_0,dc6194e8-cb27-333e-80f3-030351031873,dc6194e8-cb27-333e-80f3-030351031873_sent_4,"[2175.0, 1287.0, 3108.0, 1427.0]","(643, 769)",We also set and manage a metric for avoided emissions that contribute to the realization of a decarbonized society as a whole.,yes,0.99370276927948,POSITIVE,0.9940274953842163
page_idx_0,4d43d7db-2b01-3fe2-8969-2f3ce87a9f4b,4d43d7db-2b01-3fe2-8969-2f3ce87a9f4b_sent_0,"[2174.0, 1449.0, 3119.0, 1692.0]","(0, 244)","We continue to reduce COz emissions generated at our own business sites (factories and offices) by utilizing the Hitachi Internal Carbon Pricing (HICP) system, which provides incentives for capital investments that contribute to COz reductions.",yes,0.9938520193099976,POSITIVE,0.61238694190979
page_idx_0,4d43d7db-2b01-3fe2-8969-2f3ce87a9f4b,4d43d7db-2b01-3fe2-8969-2f3ce87a9f4b_sent_1,"[2175.0, 1665.0, 3068.0, 1752.0]","(245, 305)","The carbon price for HICP is set at 14,000 yen per ton-COsz.",no,0.9951091408729553,NEGATIVE,0.9933783411979675
page_idx_0,2bcd9b6d-8a3a-351b-a1b9-171602383a41,2bcd9b6d-8a3a-351b-a1b9-171602383a41_sent_0,"[2173.0, 1775.0, 3114.0, 2023.0]","(0, 268)","In addition, in April 2021, Hitachi, Ltd. introduced evalua- tions that take environmental value into account in the execu- tive compensation system with a view to accelerating the creation of environmental value toward achievement of long- term environmental targets.",yes,0.9918970465660095,POSITIVE,0.8969283699989319
page_idx_0,b6912d9e-8db5-303e-891a-c2090e95202f,b6912d9e-8db5-303e-891a-c2090e95202f_sent_0,"[3244.0, 447.0, 4138.0, 998.0]","(0, 443)",MR }P013 Reflecting Sustainability Targets in Executive Compensation Evaluation R|P.027 “Environmental Vision” and “Hitachi Environmental Innovation 2050” K|P.030 Environmental Action Plan N |P035 Achieving a Decarbonized Society N |P036 Expanding the Decarbonization Business KX |P.039 Contributing to a Decarbonized Society at Business Sites (Factories and Offices) RN |Po61 Calculating GHG Emissions Throughout the Value Chain (Fiscal 2022),yes,0.8229572176933289,POSITIVE,0.9168936610221863
page_idx_1,e4d623e6-528a-3193-b014-8cc1be0170d8,e4d623e6-528a-3193-b014-8cc1be0170d8_sent_0,"[145.0, 313.0, 538.0, 356.0]","(0, 13)",Environmental,,,,
page_idx_1,ad163963-8206-3f0b-88d6-80bf1ca023cb,ad163963-8206-3f0b-88d6-80bf1ca023cb_sent_0,"[136.0, 452.0, 803.0, 856.0]","(0, 183)",Environmental Advancing Our Environmental Vision and Long-Term Environmental Targets Environmental Governance Achieving a Decarbonized Society Achieving a Resource-Efficient Society >,yes,0.9412164092063904,POSITIVE,0.9965003728866577
page_idx_1,ad163963-8206-3f0b-88d6-80bf1ca023cb,ad163963-8206-3f0b-88d6-80bf1ca023cb_sent_1,"[141.0, 823.0, 838.0, 1194.0]","(184, 379)",Efforts to Achieve a Resource-Efficient Society Building a Society That Uses Resources Efficiently Building a Water-Efficient Society Achieving a Harmonized Society with Nature Environmental Data,yes,0.967983067035675,POSITIVE,0.9972714781761169
page_idx_1,d9e60500-0eda-3892-b93c-5ec1ccf0c18b,d9e60500-0eda-3892-b93c-5ec1ccf0c18b_sent_0,"[1110.0, 313.0, 2328.0, 373.0]","(0, 38)",Achieving a Resource-Efficient Society,,,,
page_idx_1,14a07a9d-fa2c-3142-b4f1-4a2219fbd251,14a07a9d-fa2c-3142-b4f1-4a2219fbd251_sent_0,"[1114.0, 448.0, 3043.0, 506.0]","(0, 64)",Efforts to Achieve a Resource-Efficient Society GRI2-19/2-24/3-9,,,,
page_idx_1,6e0ec82e-65f4-3f6a-9bd6-c5e041bde9b1,6e0ec82e-65f4-3f6a-9bd6-c5e041bde9b1_sent_0,"[1110.0, 637.0, 2027.0, 832.0]","(0, 199)","Environmental issues continue to intensify associated with increased economic and social activities within the conven- tional linear economy of mass production, mass consump- tion, and mass disposal.",no,0.9658704400062561,POSITIVE,0.9608150124549866
page_idx_1,6e0ec82e-65f4-3f6a-9bd6-c5e041bde9b1,6e0ec82e-65f4-3f6a-9bd6-c5e041bde9b1_sent_1,"[1111.0, 800.0, 2038.0, 994.0]","(200, 392)","These problems involve resource shortages, water scarcity, tight supply and demand for energy, environmental pollution caused by increasing waste, global warming, and the loss of biodiversity.",yes,0.9188608527183533,NEGATIVE,0.9977917671203613
page_idx_1,6e0ec82e-65f4-3f6a-9bd6-c5e041bde9b1,6e0ec82e-65f4-3f6a-9bd6-c5e041bde9b1_sent_2,"[1111.0, 962.0, 2019.0, 1102.0]","(393, 514)","To solve these problems and create sustainable societies, we must shift away from linear economies to circular economies.",yes,0.9418917894363403,POSITIVE,0.5560588240623474
page_idx_1,6e0ec82e-65f4-3f6a-9bd6-c5e041bde9b1,6e0ec82e-65f4-3f6a-9bd6-c5e041bde9b1_sent_3,"[1110.0, 1070.0, 2012.0, 1211.0]","(515, 637)",Hitachi works together with customers and society to help build a society that uses water and other resources efficiently.,yes,0.934636116027832,POSITIVE,0.9977450966835022
page_idx_1,0669f78e-08ca-31dc-9840-2ea2605242e2,0669f78e-08ca-31dc-9840-2ea2605242e2_sent_0,"[2174.0, 660.0, 2948.0, 693.0]","(0, 53)",Ollnitiatives to Achieve a Resource-Efficient Society,yes,0.9164586067199707,POSITIVE,0.99741131067276
page_idx_1,76a266f9-e049-3a34-bb2f-464d9e79567b,76a266f9-e049-3a34-bb2f-464d9e79567b_sent_0,"[1113.0, 1283.0, 1638.0, 1313.0]","(0, 30)",Initiatives in the Value Chain,,,,
page_idx_1,946de072-7065-3248-aea7-dccb85aca0ea,946de072-7065-3248-aea7-dccb85aca0ea_sent_0,"[1111.0, 1341.0, 2058.0, 1427.0]","(0, 94)",Hitachi considers the circularity of resources across the value chain to be of key importance.,yes,0.9737262725830078,POSITIVE,0.9984126091003418
page_idx_1,946de072-7065-3248-aea7-dccb85aca0ea,946de072-7065-3248-aea7-dccb85aca0ea_sent_1,"[1110.0, 1395.0, 2042.0, 1590.0]","(95, 260)",We also believe in the impor- tance of water usage reduction that takes into consideration water risks on a region-by-region basis at each stage of the supply chain.,yes,0.854649007320404,NEGATIVE,0.9643339514732361
page_idx_1,946de072-7065-3248-aea7-dccb85aca0ea,946de072-7065-3248-aea7-dccb85aca0ea_sent_2,"[1110.0, 1558.0, 2040.0, 1807.0]","(261, 520)","Accordingly, we drive circular-design initiatives and development tools, applications, and services that help facilitate circular economies, and optimize water usage and wastewater treatment in the supply chain, provide water- efficient products and services.",yes,0.9950843453407288,POSITIVE,0.9982627034187317
page_idx_1,b5960a7f-84d7-3429-a512-4301df578037,b5960a7f-84d7-3429-a512-4301df578037_sent_0,"[1113.0, 1879.0, 1625.0, 1909.0]","(0, 29)",Initiatives at Business Sites,,,,
page_idx_1,e206e099-15ec-3b8b-a343-228841d6394c,e206e099-15ec-3b8b-a343-228841d6394c_sent_0,"[1110.0, 1937.0, 2049.0, 2077.0]","(0, 135)",We established a long-term environmental target to improve the efficiency with which water and other resources are used by fiscal 2050.,yes,0.9938263297080994,POSITIVE,0.9415472745895386
page_idx_1,e206e099-15ec-3b8b-a343-228841d6394c,e206e099-15ec-3b8b-a343-228841d6394c_sent_1,"[1111.0, 2045.0, 1994.0, 2132.0]","(136, 208)",The actual goal is to improve efficiency by 50% compared to fiscal 2010.,no,0.8830745816230774,POSITIVE,0.9462810158729553
page_idx_1,e206e099-15ec-3b8b-a343-228841d6394c,e206e099-15ec-3b8b-a343-228841d6394c_sent_2,"[1112.0, 2100.0, 2041.0, 2240.0]","(209, 352)","In addition, we will create higher economic value using fewer resources while pursuing production activities with a lower environmental burden.",yes,0.9948269724845886,POSITIVE,0.9770393967628479
page_idx_1,7f3265e6-254e-3219-b0e2-1119a9a135ba,7f3265e6-254e-3219-b0e2-1119a9a135ba_sent_0,"[2176.0, 1572.0, 3908.0, 1597.0]","(0, 152)",Note: Our response to water risks that take biodiversity into consideration are detailed in Efforts to Achieve a Society Harmonized With Nature (P.055).,yes,0.5043449401855469,POSITIVE,0.9991145730018616
page_idx_2,c79cd9eb-88b8-3cff-94fb-9384509c6339,c79cd9eb-88b8-3cff-94fb-9384509c6339_sent_0,"[145.0, 313.0, 538.0, 356.0]","(0, 13)",Environmental,,,,
page_idx_2,4c691c86-25d6-365f-9484-8ab98b228a39,4c691c86-25d6-365f-9484-8ab98b228a39_sent_0,"[141.0, 452.0, 753.0, 719.0]","(0, 142)",Environmental Advancing Our Environmental Vision and Long-Term Environmental Targets Environmental Governance Achieving a Decarbonized Society,yes,0.9595395922660828,POSITIVE,0.9935316443443298
page_idx_2,55ba3d86-6759-342a-a72b-a5329035834f,55ba3d86-6759-342a-a72b-a5329035834f_sent_0,"[179.0, 820.0, 838.0, 850.0]","(0, 47)",Efforts to Achieve a Resource-Efficient Society,yes,0.8276100158691406,POSITIVE,0.9988062381744385
page_idx_2,20481d6e-893d-3d80-b2d8-a645844fa840,20481d6e-893d-3d80-b2d8-a645844fa840_sent_0,"[136.0, 876.0, 856.0, 965.0]","(0, 52)",> Building a Society That Uses Resources Efficiently,yes,0.7978955507278442,POSITIVE,0.9984756112098694
page_idx_2,a79dfebb-2a05-35e2-ac6f-c7933669de74,a79dfebb-2a05-35e2-ac6f-c7933669de74_sent_0,"[141.0, 999.0, 809.0, 1148.0]","(0, 96)",Building a Water-Efficient Society Achieving a Harmonized Society with Nature Environmental Data,yes,0.5947805047035217,POSITIVE,0.998976469039917
page_idx_2,acc99a37-a719-3e6b-a9a0-731fbd475cd5,acc99a37-a719-3e6b-a9a0-731fbd475cd5_sent_0,"[3236.0, 637.0, 4158.0, 717.0]","(0, 117)","recycling, making continuous efforts to devise strategies for the most efficient utilization of resources and assets.",no,0.6398751139640808,POSITIVE,0.9980413913726807
page_idx_2,acc99a37-a719-3e6b-a9a0-731fbd475cd5,acc99a37-a719-3e6b-a9a0-731fbd475cd5_sent_1,"[3236.0, 691.0, 4158.0, 832.0]","(118, 229)","To this end, we share our goals with various stakeholders in the value chain and pursue collaborative creation.",no,0.9966315627098083,POSITIVE,0.9997419714927673
page_idx_2,acc99a37-a719-3e6b-a9a0-731fbd475cd5,acc99a37-a719-3e6b-a9a0-731fbd475cd5_sent_2,"[3236.0, 800.0, 4190.0, 994.0]","(230, 411)","Additionally, we pursue research and development involving raw materials, products, tools, applications, and services necessary for our goals, leveraging the advantages of Hitachi’s",no,0.9915236234664917,POSITIVE,0.9989187717437744
page_idx_2,acc99a37-a719-3e6b-a9a0-731fbd475cd5,acc99a37-a719-3e6b-a9a0-731fbd475cd5_sent_3,"[3236.0, 961.0, 4184.0, 1150.0]","(412, 557)","IT x Operational Technology (OT) x Products to support create circular economies not only in our value chain, but in customer activities as well.",yes,0.9832805395126343,POSITIVE,0.9883795976638794
page_idx_2,ceaba87c-52d8-3c3d-8e9d-874cd0ac9c74,ceaba87c-52d8-3c3d-8e9d-874cd0ac9c74_sent_0,"[3244.0, 1188.0, 4110.0, 1260.0]","(0, 91)",q P.038 Improving the Environmental Performance of Products and Services Through Eco-Design,yes,0.9721869230270386,POSITIVE,0.9985849857330322
page_idx_2,a0dc96fe-3269-3734-a6e0-c386d049dd64,a0dc96fe-3269-3734-a6e0-c386d049dd64_sent_0,"[1114.0, 313.0, 2689.0, 373.0]","(0, 50)",Building a Society That Uses Resources Efficiently,,,,
page_idx_2,e665521b-f557-31d8-b2ae-c865b53fc8a6,e665521b-f557-31d8-b2ae-c865b53fc8a6_sent_0,"[1110.0, 471.0, 2135.0, 509.0]","(0, 47)",Approach to Transitioning to a Circular Economy,yes,0.5552700757980347,POSITIVE,0.9848031997680664
page_idx_2,46e7af18-d6cd-3b13-9ad6-3b49f569f08f,46e7af18-d6cd-3b13-9ad6-3b49f569f08f_sent_0,"[1110.0, 637.0, 2053.0, 777.0]","(0, 145)","To help build a society that uses resources efficiently, Hitachi will advance a shift from the conventional linear economy to a circular economy.",yes,0.9826363325119019,POSITIVE,0.9987117052078247
page_idx_2,46e7af18-d6cd-3b13-9ad6-3b49f569f08f,46e7af18-d6cd-3b13-9ad6-3b49f569f08f_sent_1,"[1110.0, 745.0, 2052.0, 1042.0]","(146, 454)","Therefore, we will focus on how we can continue to use resources and assets in our business activi- ties and reduce waste, or even eliminate waste altogether, using three approaches: innovation in upstream product design, innovation in the product manufacturing process, and innovation of our business model.",yes,0.9941359758377075,POSITIVE,0.9940773248672485
page_idx_2,2f7463ba-ccb4-3ce1-a3bf-f9b5885c87f7,2f7463ba-ccb4-3ce1-a3bf-f9b5885c87f7_sent_0,"[1110.0, 1119.0, 1685.0, 1158.0]","(0, 30)",@ Innovation in Product Design,,,,
page_idx_2,5cd2eb1f-b835-3772-9eed-8e5ac3671df7,5cd2eb1f-b835-3772-9eed-8e5ac3671df7_sent_0,"[1110.0, 1178.0, 2059.0, 1427.0]","(0, 267)","Through Environmentally Conscious Design Assessments and Life Cycle Assessments for new products that involve design activities, we will reduce waste by standardizing parts, extending service life, utilizing recycled materials, and design- ing for easy recyclability.",yes,0.9952373504638672,POSITIVE,0.9770545959472656
page_idx_2,5cd2eb1f-b835-3772-9eed-8e5ac3671df7,5cd2eb1f-b835-3772-9eed-8e5ac3671df7_sent_1,"[1110.0, 1395.0, 2036.0, 1536.0]","(268, 423)","To this end, we revised the Hitachi Eco Design Management Guidelines and Hitachi Eco Design Activity Guidelines to reflect the latest international trends.",no,0.9955868721008301,POSITIVE,0.9860790371894836
page_idx_2,5cd2eb1f-b835-3772-9eed-8e5ac3671df7,5cd2eb1f-b835-3772-9eed-8e5ac3671df7_sent_2,"[1110.0, 1504.0, 2039.0, 1698.0]","(424, 584)","At the same time, we set a clear goal to apply the relevant assessments to all new products involving design activities and to achieve this goal by fiscal 2024.",no,0.9970333576202393,POSITIVE,0.9983299374580383
page_idx_2,02862a7d-9732-39b4-a9a9-e5b6a08fe923,02862a7d-9732-39b4-a9a9-e5b6a08fe923_sent_0,"[1110.0, 1829.0, 2042.0, 1909.0]","(0, 76)",We share case studies among divisions to highlight initiatives in this area.,no,0.997579038143158,POSITIVE,0.9993929862976074
page_idx_2,02862a7d-9732-39b4-a9a9-e5b6a08fe923,02862a7d-9732-39b4-a9a9-e5b6a08fe923_sent_1,"[1110.0, 1882.0, 2056.0, 2183.0]","(77, 404)","Case studies include product and parts manufac- turing volume optimization based on an understanding of supply and demand, digitization of design processes for paperless work, the reduction of packaging material usage, the reduction of defective products through quality improve- ment, and the reduction of chemical substances.",yes,0.9579198956489563,POSITIVE,0.8990865349769592
page_idx_2,02862a7d-9732-39b4-a9a9-e5b6a08fe923,02862a7d-9732-39b4-a9a9-e5b6a08fe923_sent_2,"[1110.0, 2154.0, 2042.0, 2294.0]","(405, 545)","Further, we established specific targets for the number of sites achieving the goal of the Zero Waste to Landfill initiative, as well as for",yes,0.9933574795722961,POSITIVE,0.9646231532096863
page_idx_2,50db47c3-77bd-3b86-adf1-37b033847b24,50db47c3-77bd-3b86-adf1-37b033847b24_sent_0,"[2174.0, 637.0, 2909.0, 669.0]","(0, 53)",effective utilization rates related to plastic waste.,no,0.7925757169723511,POSITIVE,0.9786258935928345
page_idx_2,50db47c3-77bd-3b86-adf1-37b033847b24,50db47c3-77bd-3b86-adf1-37b033847b24_sent_1,"[2173.0, 637.0, 3105.0, 777.0]","(54, 195)","In particular, we initiated activities targeting all manufacturing sites this fiscal year with the aim of achieving Zero Waste to Landfill*'.",yes,0.9948078989982605,POSITIVE,0.7900437116622925
page_idx_2,2ec69817-9f84-3431-af31-20c23fc13566,2ec69817-9f84-3431-af31-20c23fc13566_sent_0,"[2174.0, 813.0, 3035.0, 875.0]","(0, 94)","“1 Pursued in careful compliance with regulations, conditions, etc., in each country or region",no,0.9982162117958069,POSITIVE,0.9847126007080078
page_idx_2,c928aa2c-af8f-3b4a-a547-37495823512e,c928aa2c-af8f-3b4a-a547-37495823512e_sent_0,"[2169.0, 953.0, 2191.0, 997.0]","(0, 1)",@,,,,
page_idx_2,c928aa2c-af8f-3b4a-a547-37495823512e,c928aa2c-af8f-3b4a-a547-37495823512e_sent_1,"[2222.0, 959.0, 2760.0, 988.0]","(2, 30)",Innovation of Business Model,,,,
page_idx_2,baac036a-7e8f-37c6-97f5-5753d0f82c43,baac036a-7e8f-37c6-97f5-5753d0f82c43_sent_0,"[2175.0, 2344.0, 4028.0, 2370.0]","(0, 159)","Note: Hitachi normally refers to suppliers (including vendors and providers) as procurement partners, with whom we build business together on an equal footing.",no,0.9985781908035278,POSITIVE,0.5924939513206482
page_idx_3,33a1bd10-8845-3350-9ba1-a7d06b906973,33a1bd10-8845-3350-9ba1-a7d06b906973_sent_0,"[145.0, 313.0, 538.0, 356.0]","(0, 13)",Environmental,,,,
page_idx_3,c9a542dd-ed04-3ca0-9965-c67acde43515,c9a542dd-ed04-3ca0-9965-c67acde43515_sent_0,"[141.0, 452.0, 753.0, 781.0]","(0, 163)",Environmental Advancing Our Environmental Vision and Long-Term Environmental Targets Environmental Governance Achieving a Decarbonized Society a Resource-Efficient,yes,0.9722864031791687,POSITIVE,0.9985566735267639
page_idx_3,cbca0b28-16b2-3efe-98e8-8f5d418c5e57,cbca0b28-16b2-3efe-98e8-8f5d418c5e57_sent_0,"[141.0, 999.0, 809.0, 1147.0]","(0, 96)",Building a Water-Efficient Society Achieving a Harmonized Society with Nature Environmental Data,yes,0.5947805047035217,POSITIVE,0.998976469039917
page_idx_3,445ec294-04b2-3e2a-ae3b-f961e65214e2,445ec294-04b2-3e2a-ae3b-f961e65214e2_sent_0,"[3885.0, 401.0, 4191.0, 423.0]","(0, 21)",GRI 306-1/306-2/306-3,no,0.9966733455657959,NEGATIVE,0.9720277190208435
page_idx_3,60362ba4-935e-3e27-8c54-d7d0166dfd2e,60362ba4-935e-3e27-8c54-d7d0166dfd2e_sent_0,"[3237.0, 1315.0, 4125.0, 1378.0]","(0, 129)","“1 Waste and valuables: Through fiscal 2021, this volume was the amount of waste and valuables generated by major business sites.",no,0.9982225298881531,NEGATIVE,0.9953973889350891
page_idx_3,60362ba4-935e-3e27-8c54-d7d0166dfd2e,60362ba4-935e-3e27-8c54-d7d0166dfd2e_sent_1,"[3269.0, 1353.0, 4168.0, 1490.0]","(130, 345)","Beginning in fiscal 2022, this volume is the total amount of waste and valuables generated in the manufacturing processes of all business sites and the amount generated at offices other than manufacturing processes.",no,0.9971906542778015,NEGATIVE,0.9882015585899353
page_idx_3,60362ba4-935e-3e27-8c54-d7d0166dfd2e,60362ba4-935e-3e27-8c54-d7d0166dfd2e_sent_2,"[3237.0, 1503.0, 4153.0, 1597.0]","(346, 500)","*2 Beginning in fiscal 2022, the report above includes waste and valuables generated by an energy-related company and auto parts companies in fiscal 2022.",no,0.9953963160514832,NEGATIVE,0.9613639712333679
page_idx_3,60362ba4-935e-3e27-8c54-d7d0166dfd2e,60362ba4-935e-3e27-8c54-d7d0166dfd2e_sent_3,"[3269.0, 1577.0, 4131.0, 1639.0]","(501, 611)",Significant decrease due to deconsolidation of materials-related and construction machinery-related companies.,no,0.9972562193870544,NEGATIVE,0.9980984330177307
page_idx_3,60362ba4-935e-3e27-8c54-d7d0166dfd2e,60362ba4-935e-3e27-8c54-d7d0166dfd2e_sent_4,"[3238.0, 1667.0, 3836.0, 1758.0]","(612, 699)",A P.063 Environmental Load from Operations 7 Case Studies of Efficient Use of Resources,no,0.6038041114807129,NEGATIVE,0.9850157499313354
page_idx_3,b9dd4067-1604-3b15-9f4b-a9b224537c40,b9dd4067-1604-3b15-9f4b-a9b224537c40_sent_0,"[3238.0, 1782.0, 4091.0, 1809.0]","(0, 63)",https://www.hitachi.com/environment/casestudy/index.html#case04,no,0.9933694005012512,NEGATIVE,0.9783744812011719
page_idx_3,8527059a-0a2a-3302-a162-4496cf7e257a,8527059a-0a2a-3302-a162-4496cf7e257a_sent_0,"[1113.0, 309.0, 2499.0, 347.0]","(0, 61)",Management of Waste and Valuables Generated at Business Sites,no,0.9750055074691772,NEGATIVE,0.8181583881378174
page_idx_3,b35668b3-4e67-30a7-be5c-8e9469516def,b35668b3-4e67-30a7-be5c-8e9469516def_sent_0,"[1110.0, 471.0, 2049.0, 669.0]","(0, 235)",We collect environmental load data for waste and valuables*' generated at the business sites using the Environmental Data Collection System (Eco-DS) to manage centrally the volumes of waste and valuables generated and exported by type.,yes,0.5906499624252319,NEGATIVE,0.9838878512382507
page_idx_3,b35668b3-4e67-30a7-be5c-8e9469516def,b35668b3-4e67-30a7-be5c-8e9469516def_sent_1,"[1111.0, 637.0, 2037.0, 832.0]","(236, 380)","For hazardous waste, in particular, we ensure thorough compli- ance with laws and regulations, and engage in proper dis- posal within the Group.",no,0.9788088202476501,POSITIVE,0.988577127456665
page_idx_3,ca9db0bc-d3e2-36c3-84ea-c48dbe6df527,ca9db0bc-d3e2-36c3-84ea-c48dbe6df527_sent_0,"[1111.0, 854.0, 2043.0, 1096.0]","(0, 230)","For fiscal 2022, which was the first year of the Environmental Action Plan for 2024 (fiscal 2022-2024), we established a 14% per-unit reduction target (compared with a base year of fiscal 2010) for waste and valuables gener- ated.",yes,0.9876474142074585,NEGATIVE,0.9444229006767273
page_idx_3,ca9db0bc-d3e2-36c3-84ea-c48dbe6df527,ca9db0bc-d3e2-36c3-84ea-c48dbe6df527_sent_1,"[1111.0, 1070.0, 2033.0, 1150.0]","(231, 291)",We outperformed this target by achieving a reduction of 16%.,no,0.6340833306312561,NEGATIVE,0.6262698173522949
page_idx_3,9e5d20ca-837a-324f-9fe8-f53383f83f03,9e5d20ca-837a-324f-9fe8-f53383f83f03_sent_0,"[1111.0, 1179.0, 2036.0, 1265.0]","(0, 101)","We reduced the amount of waste and valuables gener- ated by 70 kt, or 23%, compared to the base year.",yes,0.8295632004737854,NEGATIVE,0.999143123626709
page_idx_3,9e5d20ca-837a-324f-9fe8-f53383f83f03,9e5d20ca-837a-324f-9fe8-f53383f83f03_sent_1,"[1110.0, 1233.0, 2063.0, 1590.0]","(102, 422)","We accomplished this result by installing recycling facilities within our business sites, as well as through closed-loop recycling, whereby byproducts and scrap from the produc- tion process are reused as resources by other business sites, while packing and cushioning materials for transporta- tion are used repeatedly.",yes,0.9880296587944031,NEGATIVE,0.9944925308227539
page_idx_3,56aa16ea-9a05-3288-a23b-2263ebb02de7,56aa16ea-9a05-3288-a23b-2263ebb02de7_sent_0,"[1111.0, 1625.0, 1946.0, 1650.0]","(0, 72)",“1 Waste and valuables: Materials generated through business activities.,no,0.9966793060302734,NEGATIVE,0.9496289491653442
page_idx_3,56aa16ea-9a05-3288-a23b-2263ebb02de7,56aa16ea-9a05-3288-a23b-2263ebb02de7_sent_1,"[1143.0, 1625.0, 2043.0, 1800.0]","(73, 382)","Each country has a legal definition of waste, and in Japan, the term refers to refuse, bulky refuse, ashes, sludge, excreta, waste oil, waste acid and alkali, car- casses, and other filthy and unnecessary matter, which are in a solid or liquid state according to the Waste Management and Public Cleansing Law.",no,0.988182008266449,NEGATIVE,0.997653067111969
page_idx_3,56aa16ea-9a05-3288-a23b-2263ebb02de7,56aa16ea-9a05-3288-a23b-2263ebb02de7_sent_2,"[1142.0, 1813.0, 2056.0, 1907.0]","(383, 560)","Valuables, meanwhile, are those materials left over after business activities other than waste, and can be sold or transferred free of charge to other parties as items of value.",no,0.9966515898704529,NEGATIVE,0.9881189465522766
page_idx_3,4c334acf-615a-3f15-9f28-9f3e76570b34,4c334acf-615a-3f15-9f28-9f3e76570b34_sent_0,"[3236.0, 474.0, 4010.0, 508.0]","(0, 49)",© Waste and Valuables Generation” (Hitachi Group),no,0.9932131767272949,NEGATIVE,0.9951947331428528
page_idx_3,a3b8ebcd-f89d-3df5-974a-f65c196b2dde,a3b8ebcd-f89d-3df5-974a-f65c196b2dde_sent_0,"[2175.0, 582.0, 3081.0, 658.0]","(0, 75)",Reduction Rate in Waste and Valuables Generation*' per Unit (Hitachi Group),no,0.9747408628463745,NEGATIVE,0.9887574315071106
page_idx_3,74073f42-7d8f-335f-9e02-1d616382365f,74073f42-7d8f-335f-9e02-1d616382365f_sent_0,"[2174.0, 1465.0, 3038.0, 1490.0]","(0, 71)",*1 Amount of waste and valuables generated from the production process.,no,0.9971018433570862,NEGATIVE,0.9979033470153809
page_idx_3,74073f42-7d8f-335f-9e02-1d616382365f,74073f42-7d8f-335f-9e02-1d616382365f_sent_1,"[2174.0, 1502.0, 3105.0, 1565.0]","(72, 226)","*2 Activity amount is a value closely related to waste and valuables generation at each business site (for example, output, sales, and production weight).",no,0.9977339506149292,POSITIVE,0.9698302745819092
page_idx_4,7fdc64b6-2d25-36ad-8d71-a7d5f1aba9ef,7fdc64b6-2d25-36ad-8d71-a7d5f1aba9ef_sent_0,"[145.0, 313.0, 538.0, 356.0]","(0, 13)",Environmental,,,,
page_idx_4,cbe9f614-974b-3b5b-b46b-203f6f3323c6,cbe9f614-974b-3b5b-b46b-203f6f3323c6_sent_0,"[141.0, 516.0, 753.0, 719.0]","(0, 128)",Advancing Our Environmental Vision and Long-Term Environmental Targets Environmental Governance Achieving a Decarbonized Society,yes,0.9583747386932373,POSITIVE,0.9984190464019775
page_idx_4,ace04c6d-f9c9-3250-9394-761fe260847b,ace04c6d-f9c9-3250-9394-761fe260847b_sent_0,"[141.0, 754.0, 803.0, 787.0]","(0, 38)",Achieving a Resource-Efficient Society,yes,0.6712756156921387,POSITIVE,0.9997791647911072
page_idx_4,b657af28-10dc-31b4-a454-8d5b071ea359,b657af28-10dc-31b4-a454-8d5b071ea359_sent_0,"[179.0, 820.0, 838.0, 850.0]","(0, 47)",Efforts to Achieve a Resource-Efficient Society,yes,0.8276100158691406,POSITIVE,0.9988062381744385
page_idx_4,cecacc6c-d22f-3233-b8fc-1b4f0c342069,cecacc6c-d22f-3233-b8fc-1b4f0c342069_sent_0,"[141.0, 999.0, 809.0, 1148.0]","(0, 96)",Building a Water-Efficient Society Achieving a Harmonized Society with Nature Environmental Data,yes,0.5947805047035217,POSITIVE,0.998976469039917
page_idx_4,a2180fd9-39ec-3744-ad3f-1f1a054aad8e,a2180fd9-39ec-3744-ad3f-1f1a054aad8e_sent_0,"[1110.0, 309.0, 1972.0, 392.0]","(0, 75)",Number of Sites Achieving the Goal of the Zero Waste to Landfill Initiative,,,,
page_idx_4,6937ec5e-1263-3e8a-a16a-2132e9bdc696,6937ec5e-1263-3e8a-a16a-2132e9bdc696_sent_0,"[1110.0, 529.0, 2059.0, 669.0]","(0, 182)","We pursue activities to achieve the goals of the Zero Waste to Landfill*’ initiative, which seeks to minimize landfill disposal for the ongoing, sustainable utilization of resources.",yes,0.9951162338256836,POSITIVE,0.988537073135376
page_idx_4,6937ec5e-1263-3e8a-a16a-2132e9bdc696,6937ec5e-1263-3e8a-a16a-2132e9bdc696_sent_1,"[1110.0, 637.0, 2041.0, 826.0]","(183, 356)","This fiscal year, we set specific targets for the number of manufacturing sites to achieve zero landfill waste, and we are stepping up efforts to accelerate this initiative.",yes,0.9955280423164368,POSITIVE,0.9993230104446411
page_idx_4,6937ec5e-1263-3e8a-a16a-2132e9bdc696,6937ec5e-1263-3e8a-a16a-2132e9bdc696_sent_2,"[1111.0, 800.0, 2010.0, 886.0]","(357, 444)","In fiscal 2022, 199 of the sites covered by our activities achieved zero landfill waste",yes,0.9944359064102173,POSITIVE,0.994428277015686
page_idx_4,15241726-e54e-32ae-83bb-14ffdc34ba4d,15241726-e54e-32ae-83bb-14ffdc34ba4d_sent_0,"[2176.0, 309.0, 2929.0, 338.0]","(0, 43)",Effective Utilization Rate of Plastic Waste,,,,
page_idx_4,4dc8b586-7997-3dd9-bf14-e588e212f1c8,4dc8b586-7997-3dd9-bf14-e588e212f1c8_sent_0,"[2173.0, 475.0, 3094.0, 615.0]","(0, 175)",We began strengthening our activities in fiscal 2022 toward achieving a 100% effective utilization*' rate of waste plastics throughout the entire Hitachi Group by fiscal 2080.,yes,0.9905422329902649,POSITIVE,0.9759705066680908
page_idx_4,4dc8b586-7997-3dd9-bf14-e588e212f1c8,4dc8b586-7997-3dd9-bf14-e588e212f1c8_sent_1,"[2174.0, 583.0, 3073.0, 717.0]","(176, 260)","In fiscal 2022, we set an effective utilization rate target of 77% and achieved 88%.",no,0.9983420372009277,POSITIVE,0.994146466255188
page_idx_4,4dc8b586-7997-3dd9-bf14-e588e212f1c8,4dc8b586-7997-3dd9-bf14-e588e212f1c8_sent_2,"[2173.0, 691.0, 3118.0, 1048.0]","(261, 626)","To improve the effective utilization rate, we are implementing measures that include design changes for equipment and products that do not generate waste, digitiza- tion of operations for paperless work, reduction of waste through yield improvements, in-house reuse, sorting and accumulation waste to enhance value, and recycling mea- sures through detailed sorting",yes,0.993830144405365,NEGATIVE,0.9808521866798401
page_idx_4,817505ae-8921-3c81-b323-7f1aa7e29e2e,817505ae-8921-3c81-b323-7f1aa7e29e2e_sent_0,"[1112.0, 1601.0, 1586.0, 1626.0]","(0, 41)",Note: All manufacturing sites are covered,no,0.9980196952819824,POSITIVE,0.6218533515930176
page_idx_4,27986ad2-dc19-37ef-b368-dc9c5706fde5,27986ad2-dc19-37ef-b368-dc9c5706fde5_sent_0,"[1111.0, 1646.0, 2019.0, 1750.0]","(0, 170)",“1 Zero Waste to Landfill goal: Defined as a final disposal rate (landfill disposal/ waste and valuables) of less than 0.5% in any given fiscal year in the Hitachi Group.,yes,0.6249570846557617,NEGATIVE,0.9973570704460144
page_idx_4,27986ad2-dc19-37ef-b368-dc9c5706fde5,27986ad2-dc19-37ef-b368-dc9c5706fde5_sent_1,"[1232.0, 1726.0, 2005.0, 1751.0]","(171, 236)","Pursued in assumed conformance with regulations, conditions, etc.",no,0.9980847835540771,POSITIVE,0.8654996752738953
page_idx_4,797db619-18f9-32c5-b56d-40e0e541c7f3,797db619-18f9-32c5-b56d-40e0e541c7f3_sent_0,"[3236.0, 311.0, 4158.0, 507.0]","(0, 224)","Hitachi Global Life Solutions, whose plastic consumption accounts for around 70% of the Hitachi Group’s total, uses recycled plastic in parts for washing machines and refrigera- tors and packing materials for ceiling lights.",yes,0.9932123422622681,NEGATIVE,0.9972246885299683
page_idx_4,797db619-18f9-32c5-b56d-40e0e541c7f3,797db619-18f9-32c5-b56d-40e0e541c7f3_sent_1,"[3237.0, 475.0, 4192.0, 723.0]","(225, 473)","The company procures recycled plastic materials produced within the Hitachi Group, such as plastic parts recovered from end-of-life home appliances and plastic containers, and also uses recy- cled plastics sourced from other materials manufacturers",yes,0.9940420985221863,NEGATIVE,0.9622654914855957
page_idx_4,82b0bea5-3f68-36dc-922a-373d3a7b30a3,82b0bea5-3f68-36dc-922a-373d3a7b30a3_sent_0,"[3236.0, 744.0, 4176.0, 994.0]","(0, 278)","While large components in washing machines (enclosure bases in the lower parts of units, etc.) were previously made using a mixture of new and recycled materials, the company shifted to almost 100% recycled plastics, achieved by solving technical problems and procurement issues",yes,0.9943172335624695,NEGATIVE,0.9888367652893066
page_idx_4,1142a146-d194-3f5f-ad9c-68384717a39d,1142a146-d194-3f5f-ad9c-68384717a39d_sent_0,"[3237.0, 1015.0, 4184.0, 1265.0]","(0, 248)","Hitachi Global Life Solutions works to recycle four catego- ries of end-of-life home appliances (air conditioners, TVs refrigerators/freezers, and washing machines/dryers) at 19 recycling plants as part of cooperative efforts among five companies”?",yes,0.9795615077018738,NEGATIVE,0.9923003911972046
page_idx_4,1142a146-d194-3f5f-ad9c-68384717a39d,1142a146-d194-3f5f-ad9c-68384717a39d_sent_1,"[3237.0, 1233.0, 4115.0, 1319.0]","(249, 319)",in response to the 2001 Act on Recycling of Specified Home Appliances.,no,0.9826508164405823,NEGATIVE,0.9329705834388733
page_idx_4,1142a146-d194-3f5f-ad9c-68384717a39d,1142a146-d194-3f5f-ad9c-68384717a39d_sent_2,"[3238.0, 1287.0, 4142.0, 1427.0]","(320, 443)","A total of 91.3 kt of recyclable materials*® were recovered in fiscal 2022, of which approxi- mately 81.9 kt were recycled.",yes,0.9916700124740601,NEGATIVE,0.9971641898155212
page_idx_4,1142a146-d194-3f5f-ad9c-68384717a39d,1142a146-d194-3f5f-ad9c-68384717a39d_sent_3,"[3236.0, 1395.0, 4180.0, 1644.0]","(444, 692)","By product type, the recycling rate for refrigerators and freezers was 80% exceeding the legal requirement of 70% by 10 percentage points, and for washing machines and dryers it was 94% exceeding the legal requirement of 82% by 12 percentage points",no,0.9919730424880981,NEGATIVE,0.7929410934448242
page_idx_4,6bbd44ca-74e7-39fc-8992-2b294e6d90c6,6bbd44ca-74e7-39fc-8992-2b294e6d90c6_sent_0,"[3237.0, 1679.0, 4145.0, 1741.0]","(0, 98)","“1 Effective utilization encompasses material recycling, chemical recycling, and thermal recovery.",no,0.9531933069229126,POSITIVE,0.9625722169876099
page_idx_4,6bbd44ca-74e7-39fc-8992-2b294e6d90c6,6bbd44ca-74e7-39fc-8992-2b294e6d90c6_sent_1,"[3237.0, 1717.0, 4151.0, 1816.0]","(99, 244)","Pursued in assumed conformance with regulations, condi- tions, etc *2 Hitachi Global Life Solutions, Sharp Corporation, Sony Corporation, Fujitsu",no,0.99820876121521,NEGATIVE,0.9508091807365417
page_idx_4,23c7ae15-bc45-38c5-9843-579f284e8bff,23c7ae15-bc45-38c5-9843-579f284e8bff_sent_0,"[3237.0, 1867.0, 4156.0, 1999.0]","(0, 259)","*3 Parts and materials recovered from four categories of end-of-life home appli- ances (air conditioners, TVs, refrigerators/freezers, and washing machines/ dryers) and recycled through in-house use, sale, or transfer free of charge to other entities for use.",no,0.5636951327323914,NEGATIVE,0.995750904083252
page_idx_4,23c7ae15-bc45-38c5-9843-579f284e8bff,23c7ae15-bc45-38c5-9843-579f284e8bff_sent_1,"[3269.0, 1978.0, 4117.0, 2042.0]","(260, 367)",Data values are aggregated from Hitachi Global Life Solutions and Johnson Controls-Hitachi Air Conditioning,no,0.9984241724014282,NEGATIVE,0.9968311190605164
page_idx_5,6f57875f-ef6d-3578-a26e-66b5d395b32a,6f57875f-ef6d-3578-a26e-66b5d395b32a_sent_0,"[1114.0, 313.0, 2157.0, 373.0]","(0, 34)",Building a Water-Efficient Society,,,,
page_idx_5,6fb62322-ec43-3edf-a11a-9b141090c2cc,6fb62322-ec43-3edf-a11a-9b141090c2cc_sent_0,"[1113.0, 471.0, 2045.0, 509.0]","(0, 41)",Management of Water Use at Business Sites,no,0.8650839328765869,POSITIVE,0.5327142477035522
page_idx_5,bde96614-545c-3ac4-be70-da98f3db3109,bde96614-545c-3ac4-be70-da98f3db3109_sent_0,"[1110.0, 612.0, 2054.0, 844.0]","(0, 265)","For fiscal 2022, the first year of the Environmental Action Plan for 2024 (fiscal 2022-2024), we set a target reduction of 22% (compared with a base year of fiscal 2010) in water use per unit for manufacturing process and general daily usage in manufacturing sites.",yes,0.9899125695228577,NEGATIVE,0.882049560546875
page_idx_5,bde96614-545c-3ac4-be70-da98f3db3109,bde96614-545c-3ac4-be70-da98f3db3109_sent_1,"[1110.0, 812.0, 2057.0, 888.0]","(266, 319)",We improved on this target with a reduc- tion of 27%.,no,0.9936125874519348,POSITIVE,0.988325834274292
page_idx_5,bde96614-545c-3ac4-be70-da98f3db3109,bde96614-545c-3ac4-be70-da98f3db3109_sent_2,"[1110.0, 862.0, 2014.0, 994.0]","(320, 435)","We reduced the volume of water used by 11 million m%, equivalent to a reduction of 45% compared with the base year.",yes,0.9860716462135315,NEGATIVE,0.9976426959037781
page_idx_5,bde96614-545c-3ac4-be70-da98f3db3109,bde96614-545c-3ac4-be70-da98f3db3109_sent_3,"[1112.0, 961.0, 2059.0, 1144.0]","(436, 666)","Our measures to reduce water usage included more stringent management of water intake using flowmeters, installing water pipes above ground for better leakage control, recirculating cooling water, and reusing purified waste water.",yes,0.993501603603363,NEGATIVE,0.9952373504638672
page_idx_5,2e0f4204-d447-3395-b581-52a0c2507658,2e0f4204-d447-3395-b581-52a0c2507658_sent_0,"[2173.0, 1870.0, 3112.0, 2002.0]","(0, 184)","Hitachi is a comprehensive water services provider that has built a solid track record of experience and expertise in operational technology (OT), products, and services in the sector.",no,0.9968336224555969,POSITIVE,0.9996833801269531
page_idx_5,2e0f4204-d447-3395-b581-52a0c2507658,2e0f4204-d447-3395-b581-52a0c2507658_sent_1,"[2173.0, 1970.0, 3121.0, 2152.0]","(185, 345)",We con- tribute to the effective use of limited water resources by address- ing the many issues facing our customers in the water and sewage treatment business.,no,0.9656565189361572,POSITIVE,0.9888063669204712
page_idx_5,2e0f4204-d447-3395-b581-52a0c2507658,2e0f4204-d447-3395-b581-52a0c2507658_sent_2,"[2174.0, 2120.0, 3117.0, 2252.0]","(346, 486)","We achieve these results by lever- aging a combination of our IT, extensive experience, and consid- erable expertise in a variety of fields.",no,0.9971332550048828,POSITIVE,0.9763965010643005
page_idx_5,2e0f4204-d447-3395-b581-52a0c2507658,2e0f4204-d447-3395-b581-52a0c2507658_sent_3,"[2173.0, 2220.0, 3097.0, 2352.0]","(487, 633)","A recent example includes our joint venture with Mizu Mirai Hiroshima Corporation, which was awarded a contract by Hiroshima Prefecture to build a",no,0.9959965944290161,POSITIVE,0.973870038986206
page_idx_5,c0ef4dd8-ffaa-3767-932a-dfe4169f476c,c0ef4dd8-ffaa-3767-932a-dfe4169f476c_sent_0,"[1111.0, 2153.0, 2042.0, 2216.0]","(0, 102)",“1 Total amount of water used in manufacturing process and general daily usage at manufacturing sites.,no,0.9941709637641907,NEGATIVE,0.8480282425880432
page_idx_5,c0ef4dd8-ffaa-3767-932a-dfe4169f476c,c0ef4dd8-ffaa-3767-932a-dfe4169f476c_sent_1,"[1111.0, 2227.0, 2057.0, 2291.0]","(103, 236)","*2 Activity amount is a value closely related to water use at each business site (for example, output, sales, and production weight).",no,0.9904892444610596,POSITIVE,0.9931675791740417
page_idx_5,9827a3dd-2718-3e81-8ded-35aaaa329f38,9827a3dd-2718-3e81-8ded-35aaaa329f38_sent_0,"[3236.0, 471.0, 4118.0, 553.0]","(0, 84)",wide-area monitoring and control system for nine prefectural water treatment plants.,no,0.996861457824707,POSITIVE,0.9830029606819153
page_idx_5,9827a3dd-2718-3e81-8ded-35aaaa329f38,9827a3dd-2718-3e81-8ded-35aaaa329f38_sent_1,"[3237.0, 521.0, 4187.0, 653.0]","(85, 223)",This project involves designing and build- ing a system that monitors and operates facilities centrally via a common cloud-based platform.,no,0.9962916374206543,NEGATIVE,0.7325721383094788
page_idx_5,9827a3dd-2718-3e81-8ded-35aaaa329f38,9827a3dd-2718-3e81-8ded-35aaaa329f38_sent_2,"[3236.0, 621.0, 4179.0, 803.0]","(224, 403)","The system handles data from different systems with different specifications supplied by various vendors, as well as data from software that utilizes Hitachi's digital technology.",no,0.9984955787658691,NEGATIVE,0.9109246730804443
page_idx_5,9827a3dd-2718-3e81-8ded-35aaaa329f38,9827a3dd-2718-3e81-8ded-35aaaa329f38_sent_3,"[3237.0, 771.0, 4190.0, 853.0]","(404, 516)",This project will contribute to wide-area control and management and as digitization (DX) in the water industry.,no,0.9977978467941284,POSITIVE,0.9986900687217712
page_idx_5,ca1b4552-910a-36f4-9f9f-9224ec23a5e0,ca1b4552-910a-36f4-9f9f-9224ec23a5e0_sent_0,"[3236.0, 903.0, 3955.0, 932.0]","(0, 47)",© Hitachi’s Water-related Products and Services,no,0.9881539940834045,POSITIVE,0.8201001286506653
page_idx_5,dd59faae-08be-34e7-bb6d-27e231ab84f6,dd59faae-08be-34e7-bb6d-27e231ab84f6_sent_0,"[3236.0, 1570.0, 4187.0, 1753.0]","(0, 221)","We are also engaged in verification tests and joint research with national and local governments, companies, and other organi- zations in various countries to establish new technologies and systems for the water business.",no,0.9951783418655396,POSITIVE,0.9896233677864075
page_idx_5,dd59faae-08be-34e7-bb6d-27e231ab84f6,dd59faae-08be-34e7-bb6d-27e231ab84f6_sent_1,"[3237.0, 1721.0, 4172.0, 1853.0]","(222, 346)","These joint activities include recent work with Higashine City, Yamagata Prefecture, on inte- grated flood control measures.",no,0.9956405162811279,NEGATIVE,0.93744295835495
page_idx_5,dd59faae-08be-34e7-bb6d-27e231ab84f6,dd59faae-08be-34e7-bb6d-27e231ab84f6_sent_2,"[3236.0, 1821.0, 4150.0, 1953.0]","(347, 468)",The actual research involved technologies for real-time flood forecasting and for simulating evacuations and emergencies.,no,0.9984298348426819,POSITIVE,0.9806787371635437
page_idx_5,dd59faae-08be-34e7-bb6d-27e231ab84f6,dd59faae-08be-34e7-bb6d-27e231ab84f6_sent_3,"[3237.0, 1921.0, 4189.0, 2003.0]","(469, 560)",We also demonstrated the effectiveness of the technologies that were part of this research.,no,0.9988960027694702,POSITIVE,0.9997482895851135
page_idx_5,dd59faae-08be-34e7-bb6d-27e231ab84f6,dd59faae-08be-34e7-bb6d-27e231ab84f6_sent_4,"[3236.0, 2021.0, 4160.0, 2203.0]","(561, 776)","In addition, we began joint research with Water Agency Inc., whose business includes water and sewage treatment opera- tions, to develop a practical Al/loT-based sludge-reduction service for sewage treatment plants.",yes,0.5434349775314331,NEGATIVE,0.8520627617835999
page_idx_5,6084c5b4-9db6-32a5-87d3-f9d867d686a8,6084c5b4-9db6-32a5-87d3-f9d867d686a8_sent_0,"[3234.0, 2221.0, 3659.0, 2267.0]","(0, 30)",LA Water Environment Solutions,no,0.8555489778518677,POSITIVE,0.9924649000167847
page_idx_5,a6271135-48e3-389a-9f70-817f5c52f3a7,a6271135-48e3-389a-9f70-817f5c52f3a7_sent_0,"[3236.0, 2283.0, 4040.0, 2345.0]","(0, 93)",https://Awww.hitachi.com/businesses/infrastructure/product_site/ water_environment/index.html,no,0.9377467632293701,NEGATIVE,0.9920955300331116
page_idx_5,64b08b06-33ca-3569-9dd5-37e548c3e40b,64b08b06-33ca-3569-9dd5-37e548c3e40b_sent_0,"[145.0, 313.0, 538.0, 356.0]","(0, 13)",Environmental,,,,
page_idx_5,075bf7bb-2d05-32c1-a9b5-ae2a037e6f1d,075bf7bb-2d05-32c1-a9b5-ae2a037e6f1d_sent_0,"[141.0, 516.0, 753.0, 719.0]","(0, 128)",Advancing Our Environmental Vision and Long-Term Environmental Targets Environmental Governance Achieving a Decarbonized Society,yes,0.9583747386932373,POSITIVE,0.9984190464019775
page_idx_5,c12ee5ff-cb81-3123-a788-d26eca448d1e,c12ee5ff-cb81-3123-a788-d26eca448d1e_sent_0,"[141.0, 754.0, 803.0, 787.0]","(0, 38)",Achieving a Resource-Efficient Society,yes,0.6712756156921387,POSITIVE,0.9997791647911072
page_idx_5,5d7d14d4-443f-3216-903f-b03622c51443,5d7d14d4-443f-3216-903f-b03622c51443_sent_0,"[179.0, 820.0, 838.0, 957.0]","(0, 98)",Efforts to Achieve a Resource-Efficient Society Building a Society That Uses Resources Efficiently,yes,0.8658219575881958,POSITIVE,0.9991070628166199
page_idx_5,0ce1ca96-6629-349c-91fe-c3992f709a00,0ce1ca96-6629-349c-91fe-c3992f709a00_sent_0,"[136.0, 982.0, 809.0, 1143.0]","(0, 98)",> Building a Water-Efficient Society Achieving a Harmonized Society with Nature Environmental Data,yes,0.8440819382667542,POSITIVE,0.9980864524841309
page_idx_5,b44c26af-bf3e-3794-bae0-05153a8ca216,b44c26af-bf3e-3794-bae0-05153a8ca216_sent_0,"[2174.0, 1146.0, 3127.0, 1246.0]","(0, 175)",“1 Total volume of water used in manufacturing processes and general daily usage at manufacturing sites and in general daily usage at locations other than manufacturing sites.,no,0.9924761652946472,NEGATIVE,0.8818132877349854
page_idx_5,b44c26af-bf3e-3794-bae0-05153a8ca216,b44c26af-bf3e-3794-bae0-05153a8ca216_sent_1,"[2174.0, 1259.0, 2196.0, 1278.0]","(176, 178)",*2,no,0.9741091132164001,POSITIVE,0.9973143935203552
page_idx_5,b44c26af-bf3e-3794-bae0-05153a8ca216,b44c26af-bf3e-3794-bae0-05153a8ca216_sent_2,"[2205.0, 1259.0, 3115.0, 1321.0]","(179, 338)",The water usage of an energy-related company included in the scope of consoli- dation since fiscal 2020 is included in the figures above beginning fiscal 2022.,no,0.9937333464622498,NEGATIVE,0.5708892345428467
page_idx_5,b44c26af-bf3e-3794-bae0-05153a8ca216,b44c26af-bf3e-3794-bae0-05153a8ca216_sent_3,"[2205.0, 1334.0, 3128.0, 1428.0]","(339, 521)","The water usage for fiscal 2022 by auto parts companies included in the scope of consolidation since fiscal 2020 is not included in the figures above, but amounted to 412 million m®.",no,0.9964004755020142,NEGATIVE,0.9920251369476318
page_idx_5,b44c26af-bf3e-3794-bae0-05153a8ca216,b44c26af-bf3e-3794-bae0-05153a8ca216_sent_4,"[2206.0, 1409.0, 3092.0, 1470.0]","(522, 654)",The total water usage was decreased significantly due to the deconsolidation of the materials- and construction machinery companies.,no,0.8617711663246155,NEGATIVE,0.9988518953323364
page_idx_5,b44c26af-bf3e-3794-bae0-05153a8ca216,b44c26af-bf3e-3794-bae0-05153a8ca216_sent_5,"[2175.0, 1489.0, 2830.0, 1573.0]","(655, 746)",x P.063 Environmental Load from Operations 7 Case Studies of Improving Water Use Efficiency,yes,0.8344335556030273,NEGATIVE,0.9663752913475037
page_idx_5,a939fe50-7864-32bd-b3f6-8cab0f688030,a939fe50-7864-32bd-b3f6-8cab0f688030_sent_0,"[2175.0, 1593.0, 3028.0, 1620.0]","(0, 63)",https://www.hitachi.com/environment/casestudy/index.html#case03,no,0.9932116270065308,NEGATIVE,0.9790917038917542
page_idx_5,deb9ff59-3112-370f-b8a1-4b197c93ab73,deb9ff59-3112-370f-b8a1-4b197c93ab73_sent_0,"[2176.0, 1671.0, 3048.0, 1765.0]","(0, 63)",Products and Services That Contribute to Resolving Water Issues,,,,
